{"cameraMode":{"drawMode":0,"name":"Shaded","section":"Shading Mode"},"sceneLighting":false,"audioPlay":false,"sceneViewState":{"m_AlwaysRefresh":false,"showFog":true,"showSkybox":false,"showFlares":true,"showImageEffects":true,"showParticleSystems":true,"showVisualEffectGraphs":true,"m_FxEnabled":true},"in2DMode":false,"pivot":{"x":-0.14907622337341309,"y":1.3551650047302247,"z":0.22645431756973267},"rotation":{"x":0.018404638394713403,"y":-0.7842736840248108,"z":-0.023292740806937219,"w":-0.6196973919868469},"size":1.8537828922271729,"orthographic":false}