{"cameraMode":{"drawMode":0,"name":"Shaded","section":"Shading Mode"},"sceneLighting":true,"audioPlay":false,"sceneViewState":{"m_AlwaysRefresh":false,"showFog":true,"showSkybox":true,"showFlares":true,"showImageEffects":true,"showParticleSystems":true,"showVisualEffectGraphs":true,"m_FxEnabled":true},"in2DMode":false,"pivot":{"x":-1.1989538669586182,"y":1.3234546184539796,"z":1.2845606803894044},"rotation":{"x":0.05339948832988739,"y":0.9401063323020935,"z":-0.2880389988422394,"w":0.17427809536457063},"size":2.6218926906585695,"orthographic":false}