{"cameraMode":{"drawMode":0,"name":"Shaded","section":"Shading Mode"},"sceneLighting":true,"audioPlay":false,"sceneViewState":{"m_AlwaysRefresh":false,"showFog":true,"showSkybox":true,"showFlares":true,"showImageEffects":true,"showParticleSystems":true,"showVisualEffectGraphs":true,"m_FxEnabled":true},"in2DMode":false,"pivot":{"x":-2.8187310695648195,"y":-0.0416477769613266,"z":-1.0656696557998658},"rotation":{"x":0.046483591198921207,"y":0.8629003167152405,"z":-0.08074980974197388,"w":0.4967038035392761},"size":6.057269096374512,"orthographic":false}