{"cameraMode":{"drawMode":0,"name":"Shaded","section":"Shading Mode"},"sceneLighting":false,"audioPlay":false,"sceneViewState":{"m_AlwaysRefresh":false,"showFog":true,"showSkybox":false,"showFlares":true,"showImageEffects":true,"showParticleSystems":true,"showVisualEffectGraphs":true,"m_FxEnabled":true},"in2DMode":false,"pivot":{"x":-10.399999618530274,"y":0.6610576510429382,"z":22.134387969970704},"rotation":{"x":0.1916242241859436,"y":-0.5491470694541931,"z":0.13106584548950196,"w":0.8028321862220764},"size":1.2890503406524659,"orthographic":false}